id,conversation_id,created_at,date,time,timezone,user_id,username,name,place,tweet,language,mentions,urls,photos,replies_count,retweets_count,likes_count,hashtags,cashtags,link,retweet,quote_url,video,thumbnail,near,geo,source,user_rt_id,user_rt,retweet_id,reply_to,retweet_date,translate,trans_src,trans_dest
1346026327917219841,1346026327917219841,2021-01-04 15:00:59 India Standard Time,2021-01-04,15:00:59,+0530,1110198334923235329,2getherwitharmy,á´®á´±kugeeeeâ·,,"Lu bukan pecinta Kpop, ga pernah ngulik makna soal lagu BTS, lu juga bukan anak sastra, lu cuma stranger yg ga sengaja nemu postan lalu nimbrung dan meninggalkan hate comment. Ga keren tau ga? Kalau kata K-ARMY, lu kayak ngludah tapi ngludah ke langit ğŸ˜",in,[],[],[],0,0,0,[],[],https://twitter.com/2getherwitharmy/status/1346026327917219841,False,,0,,,,,,,,[],,,,
1346026326151503873,1345996290384134147,2021-01-04 15:00:58 India Standard Time,2021-01-04,15:00:58,+0530,1014598115708588035,hedie_ans,â€¢ğ—›ğ—®ğ—»ğ˜€,,@Magentaswanlake @BTS_twt Khodm grftmğŸ˜‚ğŸ˜‚,de,[],[],[],0,0,0,[],[],https://twitter.com/hedie_ans/status/1346026326151503873,False,,0,,,,,,,,"[{'screen_name': 'Magentaswanlake', 'name': 'á´®á´±Mitaâ·\U0001fad0ğ„', 'id': '1252178574657773568'}, {'screen_name': 'BTS_twt', 'name': 'ë°©íƒ„ì†Œë…„ë‹¨', 'id': '335141638'}]",,,,
1346026322909298688,1346005352685293568,2021-01-04 15:00:57 India Standard Time,2021-01-04,15:00:57,+0530,1225227237730897920,jm89578460,LÃª Tháº¯m ( Miu )ğŸ˜,,@Vitj_twt @BTS_twt Em Ä‘Æ°á»£c cÃ³ 7 thui Ã  @BTS_twt,vi,"[{'screen_name': 'bts_twt', 'name': 'ë°©íƒ„ì†Œë…„ë‹¨', 'id': '335141638'}]",[],[],0,0,0,[],[],https://twitter.com/JM89578460/status/1346026322909298688,False,,0,,,,,,,,"[{'screen_name': 'Vitj_twt', 'name': 'á´®á´± Vá»‹tâ·', 'id': '1073521246334119936'}, {'screen_name': 'BTS_twt', 'name': 'ë°©íƒ„ì†Œë…„ë‹¨', 'id': '335141638'}]",,,,
1346026321722314752,1333035251845668864,2021-01-04 15:00:57 India Standard Time,2021-01-04,15:00:57,+0530,1328203270066606082,narmyoongi_bts,ğ‘µğ‘¨ğ‘´ğ‘°,,@_agsnpy å¼•ãç¶šãã‚ˆã‚ã—ãã‚„ã§ğŸ˜†ğŸ’“ é–“ã«ã‚†ã‚“ãŒåº§ã‚‹ãªã‚‰è¨±å¯ã™ã‚‹ğŸ˜¤ğŸ‘ ãšã£ã¨ã‚¸ãƒŸãƒ³ã¡ã‚ƒã‚“ã¨ã‚¤ãƒãƒ£ã‚³ãƒ©ã—ã¦ãŸã‚‰æ‹—ã­ã‚‹ã§ï¼ŸğŸ’”â† ã™ãæˆ»ã‚‹è¨€ã†ã¦æœ¬é–“ã«ã™ãæˆ»ã£ã¦ãã¦ãã‚ŒãŸãƒ¦ãƒ³ã‚®æœ€é«˜ã™ãã‚‹ğŸ˜­ğŸ’•ã‚‚ã†é›¢ã›è¨€ã‚ã‚Œã¦ã‚‚é›¢ã‚Œã‚“ğŸ¤ğŸ’œç¬‘ BTSã ã‘ã‚„ã£ãŸã‚‰è²·ã£ã¦ãŸã‘ã©ä»Šå›ã®ã‚«ã‚¦ã‚³ãƒ³è«¦ã‚ãŸã‚“ã‚ˆğŸ¥²ğŸ’§ ã‚†ã‚“æœ€è¿‘å¿™ã—ã„æ„Ÿã˜ï¼Ÿï¼ŸğŸ˜¥,ja,[],[],[],0,0,0,[],[],https://twitter.com/narmyoongi_BTS/status/1346026321722314752,False,,0,,,,,,,,"[{'screen_name': '_agsnpy', 'name': 'ğ—‹ğ—’â˜½', 'id': '1322192320804974592'}]",,,,
1346026321269452800,1345718646459523074,2021-01-04 15:00:57 India Standard Time,2021-01-04,15:00:57,+0530,1290068087727951874,m00n_rabbits,Mysha ğŸ’œ,,@yjsbby txt should be know for being txt not for bts younger brother they are 2 both talented groups but they are 2 both different groups and kbs did this why? tricking the children tricking the viewers and they must be mad at txt.,en,[],[],[],0,0,0,[],[],https://twitter.com/m00n_RABBITS/status/1346026321269452800,False,,0,,,,,,,,"[{'screen_name': 'yjsbby', 'name': 'lizâœ¨ f2020 editğŸ“Œ', 'id': '1000085179267010560'}]",,,,
1346026320484990977,1346026320484990977,2021-01-04 15:00:57 India Standard Time,2021-01-04,15:00:57,+0530,957848868799987712,bmfckingsleepy,ğŸ€„ï¸âœ¨,,"[Korean Music Wave] Lee Teuk, BTS, GFRIEND, TWICE, ì´íŠ¹, ë°©íƒ„ì†Œë…„ë‹¨, ì—¬ìì¹œêµ¬, íŠ¸ì™€ì´ìŠ¤...  https://t.co/ja3thvsSt3 via @YouTube",ko,"[{'screen_name': 'youtube', 'name': 'youtube', 'id': '10228272'}]",['https://youtu.be/9oVZDspxn2g'],[],0,0,0,[],[],https://twitter.com/bmfckingsleepy/status/1346026320484990977,False,,0,,,,,,,,[],,,,
1346026317938999297,1346026317938999297,2021-01-04 15:00:56 India Standard Time,2021-01-04,15:00:56,+0530,1346023777436504069,kven_paints,âœ°kvenâ·,,Hi guys I'm a new Twitter account I draw fanarts of kpop idols especially BTS I hope we can all be friends here and please help me find my moots by liking this and retweeting this tweetğŸ’œ  https://t.co/8svlb8s2PC,en,[],[],['https://pbs.twimg.com/media/Eq4LzRGVEAERvN6.jpg'],0,0,0,[],[],https://twitter.com/kven_paints/status/1346026317938999297,False,,1,https://pbs.twimg.com/media/Eq4LzRGVEAERvN6.jpg,,,,,,,[],,,,
1346026316357779456,1346026316357779456,2021-01-04 15:00:56 India Standard Time,2021-01-04,15:00:56,+0530,1286824747230101506,borapurplebora,ë°©íƒ„ ì–‘ë„ê³„ BTS GOODS MERCH SELL,,BTS GOODS MERCH SELL PAYPALâ­• WW SHIPPINGâ­•  3RD MUSTER DVD(SUGA JIMIN JK V JIN) 4TH MUSTER DVD(JK) 5TH MUSTER MAGICSHOP DVD(JK)  NAMJOON SEOKJIN YOONGI HOSEOK JIMIN TAEHYUNG JUNGKOOK  https://t.co/YUPzOSubz3,in,[],[],"['https://pbs.twimg.com/media/Eq4Lv6EVkAEXBl8.jpg', 'https://pbs.twimg.com/media/Eq4Lw8pUcAEOUvS.jpg', 'https://pbs.twimg.com/media/Eq4LxsxVQAAdj-e.jpg', 'https://pbs.twimg.com/media/Eq4LyjzUYAAZAZI.jpg']",0,0,0,[],[],https://twitter.com/borapurplebora/status/1346026316357779456,False,,1,https://pbs.twimg.com/media/Eq4Lv6EVkAEXBl8.jpg,,,,,,,[],,,,
1346026314663424001,1345891190856675328,2021-01-04 15:00:56 India Standard Time,2021-01-04,15:00:56,+0530,971781748819353600,parroquia_army,Iglesia Beyond the Scene,,@aSADYtoFTcoca @BTS_twt @bts_bighit Hola solo paso a dejar mi respectivo voto y a pedirles que me den amor ğŸ¥º voy a publicar cute y aesthetic de los chicos y mÃ¡s  I choose Map Of The Soul: 7 by @BTS_twt @bts_bighit for The Most Loved English Album in the #GaanaUsersChoiceIcons Awards.  https://t.co/qM1QTqJw0B  https://t.co/xMzJqiWdvT,es,"[{'screen_name': 'bts_twt', 'name': 'ë°©íƒ„ì†Œë…„ë‹¨', 'id': '335141638'}, {'screen_name': 'bts_bighit', 'name': 'bts_official', 'id': '1409798257'}]",[],"['https://pbs.twimg.com/media/Eq4LzJzUwAMFD8c.jpg', 'https://pbs.twimg.com/media/Eq31mr6W8AI04S3.jpg']",0,0,0,['gaanauserschoiceicons'],[],https://twitter.com/parroquia_army/status/1346026314663424001,False,,1,https://pbs.twimg.com/media/Eq4LzJzUwAMFD8c.jpg,,,,,,,"[{'screen_name': 'aSADYtoFTcoca', 'name': 'Koreğ“†—ğŸ‡µğŸ‡¾~oÉ´ÊŸÊ Ï‰Éªá´›Êœ Ê™á´›Ñ•âŸ­âŸ¬â·', 'id': '879515425788366848'}, {'screen_name': 'BTS_twt', 'name': 'ë°©íƒ„ì†Œë…„ë‹¨', 'id': '335141638'}, {'screen_name': 'bts_bighit', 'name': 'BTS_official', 'id': '1409798257'}]",,,,
1346026314017378306,1345956526989557763,2021-01-04 15:00:55 India Standard Time,2021-01-04,15:00:55,+0530,42200648,lucyrunaways,Lucy & the Runawaysâ·ğŸŒ¾,,@justmekaleki @BTS_twt Yes!! Hahah this is what my hubby says except he won't be at my work and I can look at them in peace ğŸ˜‚,en,[],[],[],0,0,0,[],[],https://twitter.com/lucyrunaways/status/1346026314017378306,False,,0,,,,,,,,"[{'screen_name': 'justmekaleki', 'name': 'HyungLine hunnyzğŸ’œMaknae wreckerz', 'id': '1309179571988656128'}, {'screen_name': 'BTS_twt', 'name': 'ë°©íƒ„ì†Œë…„ë‹¨', 'id': '335141638'}]",,,,
1346026313396715520,1345929048355205121,2021-01-04 15:00:55 India Standard Time,2021-01-04,15:00:55,+0530,1128363061402845184,taegikookit,m,,@yunkillaw @BTSWEVERSE_BR @BTS_twt TO SURTANDO,pt,[],[],[],0,0,0,[],[],https://twitter.com/taegikookit/status/1346026313396715520,False,,0,,,,,,,,"[{'screen_name': 'yunkillaw', 'name': 'elly.â· â‰®', 'id': '902703426148192256'}, {'screen_name': 'BTSWEVERSE_BR', 'name': 'BTS WEVERSE BRAZILâ·', 'id': '1146793733855293440'}, {'screen_name': 'BTS_twt', 'name': 'ë°©íƒ„ì†Œë…„ë‹¨', 'id': '335141638'}]",,,,
1346026312473997312,1345928075901505536,2021-01-04 15:00:55 India Standard Time,2021-01-04,15:00:55,+0530,1135670377559056385,iam_vron,V,,@BigHitEnt @bts_bighit Yaaaay!! Thanks for making this Monday more bearable! ğŸ’œğŸ’œğŸ’œ,en,[],[],[],0,0,0,[],[],https://twitter.com/iam_vron/status/1346026312473997312,False,,0,,,,,,,,"[{'screen_name': 'BigHitEnt', 'name': 'BigHit Entertainment', 'id': '168683422'}, {'screen_name': 'bts_bighit', 'name': 'BTS_official', 'id': '1409798257'}]",,,,
1346026311462973441,1325267012273123329,2021-01-04 15:00:55 India Standard Time,2021-01-04,15:00:55,+0530,1132528059179921409,koojeonguk,BEâ·,,"@be_knj @BTS_twt Yes, dmed u. I want tae.",en,[],[],[],0,0,0,[],[],https://twitter.com/koojeonguk/status/1346026311462973441,False,,0,,,,,,,,"[{'screen_name': 'be_knj', 'name': 'á´®á´± â˜†', 'id': '969171776725958656'}, {'screen_name': 'BTS_twt', 'name': 'ë°©íƒ„ì†Œë…„ë‹¨', 'id': '335141638'}]",,,,
1346026307532931074,1345968914564452353,2021-01-04 15:00:54 India Standard Time,2021-01-04,15:00:54,+0530,814374984919330816,jjeongguk197,dÃ¨eâ·,,"@beutaeful @BTS_twt YOU SHOULD SAY NO AND SAY â€œwhy dont we both go out for a date, yoongi?â€ INSTEAD",en,[],[],[],0,0,0,[],[],https://twitter.com/jjeongguk197/status/1346026307532931074,False,,0,,,,,,,,"[{'screen_name': 'beutaeful', 'name': 'valâ·ğŸ“ğŸ§¸ (ia)', 'id': '915429317508599808'}, {'screen_name': 'BTS_twt', 'name': 'ë°©íƒ„ì†Œë…„ë‹¨', 'id': '335141638'}]",,,,
1346026307352633344,622598823144087552,2021-01-04 15:00:54 India Standard Time,2021-01-04,15:00:54,+0530,1242830943737561088,itskashishrawat,"á´®á´±kashiğŸ¶#okay, and?",,@ot7BEera @BTS_twt @_kimchikoo Lmfao truğŸ˜‚,en,[],[],[],0,0,0,[],[],https://twitter.com/ItsKashishRawat/status/1346026307352633344,False,,0,,,,,,,,"[{'screen_name': 'ot7BEera', 'name': 'â™¡â€¢me0wwâ·â€¢â™¡', 'id': '1318219598467002368'}, {'screen_name': 'BTS_twt', 'name': 'ë°©íƒ„ì†Œë…„ë‹¨', 'id': '335141638'}, {'screen_name': '_kimchikoo', 'name': '|â·my face is a pancakeâ¹|', 'id': '1311457175017906176'}]",,,,
1346026307004506112,1346024473854545921,2021-01-04 15:00:54 India Standard Time,2021-01-04,15:00:54,+0530,1218889199052451840,muafuyu,noah.,,@fayrakeren @BTS_Aang STOP WAR WER WOR.,nl,[],[],[],0,0,0,[],[],https://twitter.com/muafuyu/status/1346026307004506112,False,,0,,,,,,,,"[{'screen_name': 'fayrakeren', 'name': 'ğŸ¦‹', 'id': '1281224666544144384'}, {'screen_name': 'BTS_Aang', 'name': 'Aang', 'id': '1216228981747240961'}]",,,,
1346026301510082561,1346026301510082561,2021-01-04 15:00:52 India Standard Time,2021-01-04,15:00:52,+0530,1206862388022173697,oechyejoo,aviâ·âºâ´ !!,,stop giving clout to celebs who make one tweet about bts.,en,[],[],[],0,0,0,[],[],https://twitter.com/oechyejoo/status/1346026301510082561,False,https://twitter.com/lavednerkth/status/1346012502434353152,0,,,,,,,,[],,,,
1346026299924512768,1241277057784360960,2021-01-04 15:00:52 India Standard Time,2021-01-04,15:00:52,+0530,1237980468521234438,purpley0u__,Tagg á´®á´±â·,,@BTS_twt Ganteng baanget sii,in,[],[],[],0,0,0,[],[],https://twitter.com/purpley0u__/status/1346026299924512768,False,,0,,,,,,,,"[{'screen_name': 'BTS_twt', 'name': 'ë°©íƒ„ì†Œë…„ë‹¨', 'id': '335141638'}]",,,,
1346026299635060737,1346015184490430464,2021-01-04 15:00:52 India Standard Time,2021-01-04,15:00:52,+0530,1080413540752666624,tokkinjm,sashağŸŒ±,,@nieltarius Bebas sebenernya.. tapi gue isinya bts nct semuağŸ˜­ğŸ¤² abis yang rekomen bts nct semuağŸ˜­ğŸ’”,in,[],[],[],0,0,0,[],[],https://twitter.com/tokkinjm/status/1346026299635060737,False,,0,,,,,,,,"[{'screen_name': 'nieltarius', 'name': 'sasha â·', 'id': '1100608247730294784'}]",,,,
1346026299492601856,1346018004425793536,2021-01-04 15:00:52 India Standard Time,2021-01-04,15:00:52,+0530,1314945892219187200,bonobonoyaah07,âŸ­âŸ¬vÃ¯shâ·âŸ¬âŸ­,,@Nanu_bts ğŸ¥ºğŸ’œ,und,[],[],[],0,0,0,[],[],https://twitter.com/Bonobonoyaah07/status/1346026299492601856,False,,0,,,,,,,,"[{'screen_name': 'Nanu_bts', 'name': 'Nancyâ·ğŸ’•On 3 Days limitğŸ™ƒ', 'id': '1292662006160351232'}]",,,,
1346026297290498055,1346009694058364928,2021-01-04 15:00:51 India Standard Time,2021-01-04,15:00:51,+0530,1097184481197215744,ejuilqitor37lmm,ã¯ãª@æ¨ã—ã®é¡”æœ€é«˜ã ãªã€‚,,@akito_flr BTSå¥½ããªã‚“ã§ã™ã‹ï¼Ÿï¼âœ¨âœ¨ ãœã²ãœã²www,ja,[],[],[],0,0,0,[],[],https://twitter.com/EJUilQiToR37lMm/status/1346026297290498055,False,,0,,,,,,,,"[{'screen_name': 'akito_flr', 'name': 'å„ªå¸Œã‚ãã¨', 'id': '95635297'}]",,,,
1346026297059725313,1346024590812741633,2021-01-04 15:00:51 India Standard Time,2021-01-04,15:00:51,+0530,1020014591361732609,aungaink1,Ë—ËË‹ Jink â™¡ ğŸ€,,@prang_pasuta à¸£à¸¹à¸›à¸£à¸§à¸¡à¸„à¹‰à¸² @BTS_twt,th,"[{'screen_name': 'bts_twt', 'name': 'ë°©íƒ„ì†Œë…„ë‹¨', 'id': '335141638'}]",[],[],0,0,0,[],[],https://twitter.com/aungaink1/status/1346026297059725313,False,,0,,,,,,,,"[{'screen_name': 'prang_pasuta', 'name': 'ğ“›ğ“¸ğ“¿ğ“®ğ“³ğ“²ğ“·&ğ“¶ğ“²ğ“·ğ“¼ğ“¾ğ“°ğ“ª â·9-10à¸¡.à¸„.VğŸ‚project', 'id': '282559503'}]",,,,
1346026296317411329,1346025015930572801,2021-01-04 15:00:51 India Standard Time,2021-01-04,15:00:51,+0530,183192686,rich545im,à¼‰â€§â‚ŠËšâœ§ OceanWaves ê’°ğŸ¹ê’± ËËŠ-,,@Ashlyn_BTS_alt OG parasol for any besides angel halo?,da,[],[],[],0,0,0,[],[],https://twitter.com/rich545im/status/1346026296317411329,False,,0,,,,,,,,"[{'screen_name': 'Ashlyn_BTS_alt', 'name': 'Ashlynâ·', 'id': '1326406264491020289'}]",,,,
1346026295876960256,622598823144087552,2021-01-04 15:00:51 India Standard Time,2021-01-04,15:00:51,+0530,1210878571633201153,supriyarajak3,Supriya â™¡â·,,@BTS_twt Hey hlw,de,[],[],[],0,0,0,[],[],https://twitter.com/SupriyaRajak3/status/1346026295876960256,False,,0,,,,,,,,"[{'screen_name': 'BTS_twt', 'name': 'ë°©íƒ„ì†Œë…„ë‹¨', 'id': '335141638'}]",,,,
1346026295197626370,1331298544834076672,2021-01-04 15:00:51 India Standard Time,2021-01-04,15:00:51,+0530,1344211181209321472,lira_rose63,Lira Rose6,,@BTS_twt ğŸ¤§ğŸ’œğŸ’œğŸ’œ,und,[],[],[],0,0,0,[],[],https://twitter.com/Lira_Rose63/status/1346026295197626370,False,,0,,,,,,,,"[{'screen_name': 'BTS_twt', 'name': 'ë°©íƒ„ì†Œë…„ë‹¨', 'id': '335141638'}]",,,,
1346026294459289600,1346026294459289600,2021-01-04 15:00:51 India Standard Time,2021-01-04,15:00:51,+0530,3014055974,inkafebrianas,inka febriana,,"Ya Allah pingin ke Korea ketemu BTS, bosen di kantor liat nya bapak bapak bersama laporan melulu....",in,[],[],[],0,0,0,[],[],https://twitter.com/inkafebrianas/status/1346026294459289600,False,,0,,,,,,,,[],,,,
1346026291091308544,1346024590812741633,2021-01-04 15:00:50 India Standard Time,2021-01-04,15:00:50,+0530,1256920040470745088,maimeetungka_1,maimeetungka,,@prang_pasuta @BTS_twt à¸ˆà¸´à¸™à¸„à¹ˆà¸²,th,[],[],[],0,0,0,[],[],https://twitter.com/maimeetungka_1/status/1346026291091308544,False,,0,,,,,,,,"[{'screen_name': 'prang_pasuta', 'name': 'ğ“›ğ“¸ğ“¿ğ“®ğ“³ğ“²ğ“·&ğ“¶ğ“²ğ“·ğ“¼ğ“¾ğ“°ğ“ª â·9-10à¸¡.à¸„.VğŸ‚project', 'id': '282559503'}, {'screen_name': 'BTS_twt', 'name': 'ë°©íƒ„ì†Œë…„ë‹¨', 'id': '335141638'}]",,,,
1346026290617323520,1346025475257208832,2021-01-04 15:00:50 India Standard Time,2021-01-04,15:00:50,+0530,1305669236933578753,bsandt7,á´®á´±KeszğŸ¨â·âŸ¬âŸ­BTSPOP IS THE GENRE,,@trustsbngtan Everything that is related to flirting makes me cringe. I don't even have a crush. I'm not attracted to boys neither girls but BTS is an exemption  https://t.co/UYYVYIPnxQ,en,[],[],['https://pbs.twimg.com/media/Eq4LxwCUUAAaKUW.jpg'],0,0,0,[],[],https://twitter.com/bsandt7/status/1346026290617323520,False,,1,https://pbs.twimg.com/media/Eq4LxwCUUAAaKUW.jpg,,,,,,,"[{'screen_name': 'trustsbngtan', 'name': 'leyaâ· â™¡ï¸ğŸ“', 'id': '1249296720082513921'}]",,,,
1346026290600529921,1346026290600529921,2021-01-04 15:00:50 India Standard Time,2021-01-04,15:00:50,+0530,1310995603627802625,kimhong792,MochiLovelyğŸ’œ,,#ParkJimin #JIMIN #BTSJimin #2021WithJimin @BTS_twt  #WeLoveYouJimin,und,"[{'screen_name': 'bts_twt', 'name': 'ë°©íƒ„ì†Œë…„ë‹¨', 'id': '335141638'}]",[],[],0,0,0,"['parkjimin', 'jimin', 'btsjimin', '2021withjimin', 'weloveyoujimin']",[],https://twitter.com/kimhong792/status/1346026290600529921,False,https://twitter.com/jiminimy/status/1345994620073742336,0,,,,,,,,[],,,,
1346026289564508160,1346023427501486080,2021-01-04 15:00:50 India Standard Time,2021-01-04,15:00:50,+0530,1334674571341877248,jendeukoki_nini,ğ™¨ğ™©. ğ™£ğ™ğ™£ğ™ ğ™œğ™œğ™ªğ™  ğŸ’£,,help us armys and blinks ğŸ˜­  @denahritey @_INANGbangtan @JendeukieNiChu @maeyaaa__ @sevenangels_xxi @choi_bts2 @taebokkiii @jeonbubbles @gainmuttuallz @bagseokjin @LittleFunkSoul7 @blazingpinks @Chan_Baekhyunni @dquinzxc @bts___4life_7 @stobitjayke @rubyjrjc @gainmuttuallz,en,"[{'screen_name': 'denahritey', 'name': 'ox', 'id': '905618831824924672'}, {'screen_name': '_inangbangtan', 'name': 'ğ™„ ğ™‰ ğ˜¼ ğ™‰ ğ™‚â·â˜†', 'id': '1318026999831568384'}, {'screen_name': 'jendeukienichu', 'name': 'ninichuuu | inactive because of academics :(', 'id': '1148206487426093056'}, {'screen_name': 'maeyaaa__', 'name': 'maÃ©', 'id': '1331499966666162176'}, {'screen_name': 'sevenangels_xxi', 'name': 'ayumiâ· ğŸ‚', 'id': '1331413206808465408'}, {'screen_name': 'choi_bts2', 'name': 'á´®á´±soo choiâ·ğŸ’œ', 'id': '953663868659798017'}, {'screen_name': 'taebokkiii', 'name': 'tin-í‹´â· ğŸŒ¹', 'id': '876733791447818240'}, {'screen_name': 'jeonbubbles', 'name': 'kassâ· ğŸ’', 'id': '818413704236515328'}, {'screen_name': 'gainmuttuallz', 'name': 'gain mutuals ğŸ–‡', 'id': '761435998240772097'}, {'screen_name': 'bagseokjin', 'name': 'Ù‹ ellaâ·', 'id': '1328700196155322375'}, {'screen_name': 'littlefunksoul7', 'name': 'little funk and soulâ·', 'id': '1329360115804164096'}, {'screen_name': 'blazingpinks', 'name': 'z Ã¸ Ã¸ k i e', 'id': '1263483665608130562'}, {'screen_name': 'chan_baekhyunni', 'name': 'marshmellow~â™¡', 'id': '1335851297098977281'}, {'screen_name': 'dquinzxc', 'name': 'ğ˜˜ğ˜¶ğ˜ªğ˜¯ğ˜¯ãƒƒ', 'id': '1287077147052408833'}, {'screen_name': 'bts___4life_7', 'name': 'ğŸ„°ğŸ…ğŸ„¼ğŸ…ˆ âª ğŸ„¾ğŸ„½ğŸ„²ğŸ„´', 'id': '1279794177182707712'}, {'screen_name': 'stobitjayke', 'name': 'bangtan chickenğŸ“ğŸ§¸', 'id': '1335259650225176577'}, {'screen_name': 'rubyjrjc', 'name': 'nice | â™”â´ jisoo birth', 'id': '1298164506778980363'}, {'screen_name': 'gainmuttuallz', 'name': 'gain mutuals ğŸ–‡', 'id': '761435998240772097'}]",[],[],0,0,0,[],[],https://twitter.com/jendeukoki_nini/status/1346026289564508160,False,,0,,,,,,,,[],,,,
1346026287752765440,622598823144087552,2021-01-04 15:00:49 India Standard Time,2021-01-04,15:00:49,+0530,1246500177520865284,0_rul8_2,HALLUCINATIONâ·,,@BTS_twt damn 98% wow,en,[],[],[],0,0,0,[],[],https://twitter.com/0_RUL8_2/status/1346026287752765440,False,,0,,,,,,,,"[{'screen_name': 'BTS_twt', 'name': 'ë°©íƒ„ì†Œë…„ë‹¨', 'id': '335141638'}]",,,,
1346026287295508481,1345844335976341505,2021-01-04 15:00:49 India Standard Time,2021-01-04,15:00:49,+0530,1216128067699122176,3piph4ny_,á´®á´±ğ’€ğ’–ğ’ğ’‚â·â™¡ ğŸ§¸ğŸ“,,@BaiHanishaa @iStanBTS3000 @haKiesacrm @0t7luvs @Seoulnitelife @jimins_bookoo @Vinejjk @BTS_twt @sanphoria_ @mo_chifilter @Krisforyu @gothchwa @cuddly_mochie @SonAmiBTS @seoksexuals @BahetyDevyanshi @BenwithU Me too my list can go on foreverrr,en,[],[],[],0,0,0,[],[],https://twitter.com/3piph4ny_/status/1346026287295508481,False,,0,,,,,,,,"[{'screen_name': 'BaiHanishaa', 'name': 'hanishaaâ·ğŸ“', 'id': '1160830106958327809'}, {'screen_name': 'iStanBTS3000', 'name': 'ğŸ§¸ğŸ“âŸ­âŸ¬ğŸ”âŸ¬âŸ­á´®á´±Expensive Eriâ·', 'id': '1218140311324520448'}, {'screen_name': 'haKiesacrm', 'name': '00:00', 'id': '1123458900555116544'}, {'screen_name': '0t7luvs', 'name': 'á´®á´±kareninaâ·ğŸ¦”', 'id': '1307225364683341825'}, {'screen_name': 'Seoulnitelife', 'name': 'ëˆˆì˜ ê½ƒğŸ¥€', 'id': '1221306584048926720'}, {'screen_name': 'jimins_bookoo', 'name': 'á´®á´±Jimins Wifeâ·ğŸ‘‘â™¡ğŸ„ğŸğŸ§¸ğŸ“', 'id': '1107258831044698113'}, {'screen_name': 'Vinejjk', 'name': 'á´®á´±Îºá´€áƒ§â· âŸ­âŸ¬ ğŸ§¸ğŸ“', 'id': '1014778938361634816'}, {'screen_name': 'BTS_twt', 'name': 'ë°©íƒ„ì†Œë…„ë‹¨', 'id': '335141638'}, {'screen_name': 'sanphoria_', 'name': 'á´®á´± lieve in MagicShopÙ‹â·âŸ­âŸ¬ğŸ’œğŸ§¸ğŸ“', 'id': '1215075438025822210'}, {'screen_name': 'mo_chifilter', 'name': 'walnut â·', 'id': '1336009508359794690'}, {'screen_name': 'Krisforyu', 'name': 'á´®á´±KristÃ­naâ·á´¬á´°Â² school zombie', 'id': '1126582528498966532'}, {'screen_name': 'gothchwa', 'name': ""Marie-joeâ· â™¡'s jane | ğŸ’¤"", 'id': '1344379972992045059'}, {'screen_name': 'cuddly_mochie', 'name': 'mochimiâ· â™¡', 'id': '1203598239351504896'}, {'screen_name': 'SonAmiBTS', 'name': 'â™¡ Sonam â™¡', 'id': '1039858562690768897'}, {'screen_name': 'seoksexuals', 'name': 'kat â·', 'id': '951344786052595712'}, {'screen_name': 'BahetyDevyanshi', 'name': 'á´®á´±Nam-Jesusâ·âºâµâºâ·+x+ á´‡É´-', 'id': '1071299178133782528'}, {'screen_name': 'BenwithU', 'name': 'á´®á´±Benâ·ğŸ¥€', 'id': '905977216076464128'}]",,,,
1346026287178113025,1345948121428340736,2021-01-04 15:00:49 India Standard Time,2021-01-04,15:00:49,+0530,1295234508938252288,hanny09010060,ğŸŒğŸ’šğŸ‡²ğŸ‡½áµ‚â±â¿áµ—áµ‰Ê³ áµ‡áµ‰áµƒÊ³ áµˆáµƒÊ¸ â·HBeleâŸ­âŸ¬ á´®á´±ğŸ¯ğŸŒ›ğŸ»,,"@wings_marifore @BTS_twt Y por quÃ© me alteras asÃ­ de la nada ,,bueno ya vivo alterada y mÃ¡s ahora que Bangtan y BH han estado tan callados ,,TENGO MIEDO TENGO MIEDO ğŸ˜±",es,[],[],[],0,0,0,[],[],https://twitter.com/Hanny09010060/status/1346026287178113025,False,,0,,,,,,,,"[{'screen_name': 'wings_marifore', 'name': 'á´®á´± â˜… ğŸ‡¨ğŸ‡· â· ğŸ„', 'id': '986272696072916992'}, {'screen_name': 'BTS_twt', 'name': 'ë°©íƒ„ì†Œë…„ë‹¨', 'id': '335141638'}]",,,,
1346026287156981760,1345953592931323905,2021-01-04 15:00:49 India Standard Time,2021-01-04,15:00:49,+0530,1069598340604514304,gabytania2,Gaby Tania ğŸ‡®ğŸ‡©,,@PuchArmyng @chiawithluv_ @BEurself97 @DIPLE_ @wifeyoonjin @BTS_twt Wkwk.,in,[],[],[],0,0,0,[],[],https://twitter.com/GabyTania2/status/1346026287156981760,False,,0,,,,,,,,"[{'screen_name': 'PuchArmyng', 'name': 'Pupung ğŸ’›ğŸ’œ- rest', 'id': '158980723'}, {'screen_name': 'chiawithluv_', 'name': 'Chiawith7luv_', 'id': '1148084213805043713'}, {'screen_name': 'BEurself97', 'name': 'á´®á´±jenâ·â˜†', 'id': '1116509930540814336'}, {'screen_name': 'DIPLE_', 'name': 'LalaLuv ğŸ€', 'id': '1213759885860454401'}, {'screen_name': 'wifeyoonjin', 'name': 'suka rebahan', 'id': '1066206736346804224'}, {'screen_name': 'BTS_twt', 'name': 'ë°©íƒ„ì†Œë…„ë‹¨', 'id': '335141638'}]",,,,
1346026285579976706,1345995864758652928,2021-01-04 15:00:49 India Standard Time,2021-01-04,15:00:49,+0530,970909142025031681,peachberrieph,Peach Berrie Shop PH,,ğŸŒ BTS - Mediheal Black - BTS_N  ğŸ‘ PHP 250  https://t.co/bGvYLAK9kO,in,[],[],['https://pbs.twimg.com/media/Eq4LvtQVgAA5Kky.jpg'],0,0,0,[],[],https://twitter.com/peachberrieph/status/1346026285579976706,False,,1,https://pbs.twimg.com/media/Eq4LvtQVgAA5Kky.jpg,,,,,,,[],,,,
1346026285298978816,1346004558175064065,2021-01-04 15:00:49 India Standard Time,2021-01-04,15:00:49,+0530,1324661014860763136,thirdgrammyaoty,`,,@InlNick @simpxhyungline @MiniXimenaa @itsprecioussid @BTS_twt  https://t.co/tYKo31hWFA,und,[],['https://twitter.com/UKChartInfo/status/1337704239204855810?s=19'],[],0,0,0,[],[],https://twitter.com/thirdgrammyaoty/status/1346026285298978816,False,https://twitter.com/UKChartInfo/status/1337704239204855810?s=19,0,,,,,,,,"[{'screen_name': 'InlNick', 'name': 'Nick Inl', 'id': '1289061023442284544'}, {'screen_name': 'simpxhyungline', 'name': 'Ù…Ø§Ù‡â·', 'id': '1340939558041645056'}, {'screen_name': 'MiniXimenaa', 'name': 'á´®á´±Ximenaâ·ğŸ¥¥', 'id': '1127785373763944448'}, {'screen_name': 'itsprecioussid', 'name': 'Bizzle â¥', 'id': '1233733682491351040'}, {'screen_name': 'BTS_twt', 'name': 'ë°©íƒ„ì†Œë…„ë‹¨', 'id': '335141638'}]",,,,
1346026282874650626,1345538924148494336,2021-01-04 15:00:48 India Standard Time,2021-01-04,15:00:48,+0530,175300130,fuchin235,fu-chin/to-ko,,1/4(æœˆ)AM10æ™‚ï½1/10(æ—¥)23æ™‚ NYEL ã‚¹ãƒšã‚·ãƒ£ãƒ«ãƒã‚±ãƒƒãƒˆ(äº‹å‰è³¼å…¥ç‰¹å…¸) (12/8ï½12/14PM2æ™‚ã®ã‚¢ãƒ¼ãƒªãƒ¼ãƒãƒ¼ãƒ‰æœŸé–“ç”³è¾¼ã®æ–¹) *æœ¬ä½“0å††ã€é€æ–™ã‚ã‚Š  1/7(æœ¨) 11æ™‚ï½1/24(æ—¥) 21æ™‚ BTS POP-UP : MOTS Online Store JAPAN ç‰¹å…¸ã‚¤ãƒ™ãƒ³ãƒˆ ç‰¹å…¸ BTSãƒ¡ãƒ³ãƒãƒ¼å›£ä½“ã‚«ãƒƒãƒˆãƒã‚¹ãƒˆã‚«ãƒ¼ãƒ‰Â  ãƒã‚¹ãƒˆã‚«ãƒ¼ãƒ‰3ç¨® (ãƒ©ãƒ³ãƒ€ãƒ 1ç¨®)  https://t.co/slxz1vFuI7,ja,[],[],"['https://pbs.twimg.com/media/Eq4LJsyUcAIEjfD.jpg', 'https://pbs.twimg.com/media/Eq4LN0uUcAARs-4.jpg', 'https://pbs.twimg.com/media/Eq4LSbkVgAATVKx.jpg']",0,0,0,[],[],https://twitter.com/fuchin235/status/1346026282874650626,False,,1,https://pbs.twimg.com/media/Eq4LJsyUcAIEjfD.jpg,,,,,,,[],,,,
1346026281092091905,1346025173447712768,2021-01-04 15:00:48 India Standard Time,2021-01-04,15:00:48,+0530,1339139460949188609,moolgyul0613,ë¬¼ê²°,,@team_ksj @BTS_twt íŒ€ëª…ë‹˜ ê¾¸ì¤€íˆ í•˜ì‹œëŠ”ê±° ë„˜ ëŒ€ë‹¨í•´ìš” íŒ€ëª…ë‹˜ ë³´ë‹ˆ ì €ë„ í•´ë³¼ê¹Œ í•˜ëŠ” ë§ˆìŒì´ ìƒê¸°ê³  ìˆì–´ìš”..! ì € ê²œ ê·€ì°¨ë‚˜ ì¸ê°„ì¸ë°,ko,[],[],[],0,0,0,[],[],https://twitter.com/moolgyul0613/status/1346026281092091905,False,,0,,,,,,,,"[{'screen_name': 'team_ksj', 'name': 'íŒ€ëª…ê¹€ì„ì°ğŸ“', 'id': '1101864491619241984'}, {'screen_name': 'BTS_twt', 'name': 'ë°©íƒ„ì†Œë…„ë‹¨', 'id': '335141638'}]",,,,
1346026280123203591,566999113359585280,2021-01-04 15:00:47 India Standard Time,2021-01-04,15:00:47,+0530,970522188372590597,qnspringd,Ù‹nhikâ·,,@BTS_twt 3014th,und,[],[],[],0,0,0,[],[],https://twitter.com/qnspringd/status/1346026280123203591,False,,0,,,,,,,,"[{'screen_name': 'BTS_twt', 'name': 'ë°©íƒ„ì†Œë…„ë‹¨', 'id': '335141638'}]",,,,
1346026279351578626,389047974585589760,2021-01-04 15:00:47 India Standard Time,2021-01-04,15:00:47,+0530,1014884806293884929,iwannabi,go away,,@hobixis @BTS_twt Fofinhos demais,pt,[],[],[],0,0,0,[],[],https://twitter.com/iwannabi/status/1346026279351578626,False,,0,,,,,,,,"[{'screen_name': 'hobixis', 'name': 'gi', 'id': '1297742899090685953'}, {'screen_name': 'BTS_twt', 'name': 'ë°©íƒ„ì†Œë…„ë‹¨', 'id': '335141638'}]",,,,
1346026278151852032,1346026278151852032,2021-01-04 15:00:47 India Standard Time,2021-01-04,15:00:47,+0530,1285499259517730816,krkpop_service,"JANE kr bank transfer,proxy purchase etc",,Korea proxy purchase ğŸ–¤only website~ pls send the link ğŸ–¤ only korean bank only kr addressâ­•ï¸  sell transfer lightstick nct127 theboyz straykids merch Nctdream selling bt21 day6 album bts wts wayv withdrama buying treasure md weverse blackpink exo enhypen nct2020 md aespa  https://t.co/OPfLfVNvSe,en,[],[],['https://pbs.twimg.com/media/Eq4LwyBVEAEIsyK.jpg'],0,0,0,[],[],https://twitter.com/krkpop_service/status/1346026278151852032,False,,1,https://pbs.twimg.com/media/Eq4LwyBVEAEIsyK.jpg,,,,,,,[],,,,
1346026278034448384,1346024590812741633,2021-01-04 15:00:47 India Standard Time,2021-01-04,15:00:47,+0530,967722875116404738,payperplat,PLAT^T,,@prang_pasuta @BTS_twt à¸­à¸¢à¸²à¸à¹„à¸”à¹‰à¸à¸µà¹ˆà¸à¹‰à¸²à¸²à¸²à¸²à¸² @BTS_twt  https://t.co/3kDu6EpwlK,th,"[{'screen_name': 'bts_twt', 'name': 'ë°©íƒ„ì†Œë…„ë‹¨', 'id': '335141638'}]",[],['https://pbs.twimg.com/media/Eq4Lw0sUUAAL3m3.jpg'],0,0,0,[],[],https://twitter.com/payperPlat/status/1346026278034448384,False,,1,https://pbs.twimg.com/media/Eq4Lw0sUUAAL3m3.jpg,,,,,,,"[{'screen_name': 'prang_pasuta', 'name': 'ğ“›ğ“¸ğ“¿ğ“®ğ“³ğ“²ğ“·&ğ“¶ğ“²ğ“·ğ“¼ğ“¾ğ“°ğ“ª â·9-10à¸¡.à¸„.VğŸ‚project', 'id': '282559503'}, {'screen_name': 'BTS_twt', 'name': 'ë°©íƒ„ì†Œë…„ë‹¨', 'id': '335141638'}]",,,,
1346026276184723456,1345981294736330752,2021-01-04 15:00:46 India Standard Time,2021-01-04,15:00:46,+0530,1049987237742444551,bbogoodzz,ë½€êµ¿â·,,@Angpang14 @BTS_twt ê°ì‚¬í•´ìš” ğŸ˜šğŸ˜šğŸ˜š,ko,[],[],[],0,0,0,[],[],https://twitter.com/bbogoodzz/status/1346026276184723456,False,,0,,,,,,,,"[{'screen_name': 'Angpang14', 'name': 'Angpangá´®á´±', 'id': '1089477437363089410'}, {'screen_name': 'BTS_twt', 'name': 'ë°©íƒ„ì†Œë…„ë‹¨', 'id': '335141638'}]",,,,
1346026274595065857,1346026274595065857,2021-01-04 15:00:46 India Standard Time,2021-01-04,15:00:46,+0530,2185601304,_tsyar,Tasya Romadhona,,"â€œ While I stand in this empty, hot stage I fear the emptiness, I donâ€™t know why Inside, my emotions are complicated To live in a life-or-death crisis I just pretend to be blunt about it Itâ€™s not my first time pretendingâ€ - â€œEPILOGUE: Young Foreverâ€, BTS",en,[],[],[],0,0,0,[],[],https://twitter.com/_tsyar/status/1346026274595065857,False,,0,,,,,,,,[],,,,
1346026270937796608,1346026270937796608,2021-01-04 15:00:45 India Standard Time,2021-01-04,15:00:45,+0530,1033233767253663744,tripletrivias,yolanda,,im planning on not buying any new albums this year (the exception being if bts have a cb dfghj) so lets see how that goes,en,[],[],[],0,0,0,[],[],https://twitter.com/tripletrivias/status/1346026270937796608,False,,0,,,,,,,,[],,,,
1346026269918470144,1346024590812741633,2021-01-04 15:00:45 India Standard Time,2021-01-04,15:00:45,+0530,1130092626009399297,ming_ming111412,Seokjinnie_MingğŸ’™,,@prang_pasuta @BTS_twt à¸à¸´à¹‰à¸ˆà¸´à¸™à¸„à¹ˆà¸²ğŸ’œğŸ˜³â˜ºï¸  https://t.co/RRF23x6qkz,th,[],[],['https://pbs.twimg.com/media/Eq4LwikVgAEvyru.jpg'],0,0,0,[],[],https://twitter.com/Ming_Ming111412/status/1346026269918470144,False,,1,https://pbs.twimg.com/media/Eq4LwikVgAEvyru.jpg,,,,,,,"[{'screen_name': 'prang_pasuta', 'name': 'ğ“›ğ“¸ğ“¿ğ“®ğ“³ğ“²ğ“·&ğ“¶ğ“²ğ“·ğ“¼ğ“¾ğ“°ğ“ª â·9-10à¸¡.à¸„.VğŸ‚project', 'id': '282559503'}, {'screen_name': 'BTS_twt', 'name': 'ë°©íƒ„ì†Œë…„ë‹¨', 'id': '335141638'}]",,,,
1346026267930456064,622598823144087552,2021-01-04 15:00:44 India Standard Time,2021-01-04,15:00:44,+0530,1128016428983046145,fairysqna,âŸ­âŸ¬ savâ·ğŸ‹,,@PAIXGUK @BTS_twt hellloo,en,[],[],[],0,0,0,[],[],https://twitter.com/fairysqna/status/1346026267930456064,False,,0,,,,,,,,"[{'screen_name': 'PAIXGUK', 'name': '# Tokookâ· ğŸ“', 'id': '1251841470555815936'}, {'screen_name': 'BTS_twt', 'name': 'ë°©íƒ„ì†Œë…„ë‹¨', 'id': '335141638'}]",,,,
1346026265757634561,1346024590812741633,2021-01-04 15:00:44 India Standard Time,2021-01-04,15:00:44,+0530,999340907324260353,nickraweewan,RaweeeeeeeğŸ„ğŸğŸ…ğŸŒ²,,@prang_pasuta @BTS_twt à¸ˆà¸­à¸‡à¸à¸¸à¸à¸„à¹ˆà¸° @BTS_twt,th,"[{'screen_name': 'bts_twt', 'name': 'ë°©íƒ„ì†Œë…„ë‹¨', 'id': '335141638'}]",[],[],0,0,0,[],[],https://twitter.com/NickRaweewan/status/1346026265757634561,False,,0,,,,,,,,"[{'screen_name': 'prang_pasuta', 'name': 'ğ“›ğ“¸ğ“¿ğ“®ğ“³ğ“²ğ“·&ğ“¶ğ“²ğ“·ğ“¼ğ“¾ğ“°ğ“ª â·9-10à¸¡.à¸„.VğŸ‚project', 'id': '282559503'}, {'screen_name': 'BTS_twt', 'name': 'ë°©íƒ„ì†Œë…„ë‹¨', 'id': '335141638'}]",,,,
1346026265468399618,1343963161997705216,2021-01-04 15:00:44 India Standard Time,2021-01-04,15:00:44,+0530,1345566702235488256,btsking30441779,BTS Kings,,@BTS_twt #2021WithJimain #jiminyouareperfect #jimindeservebetter #JiminWeLoveYou,und,[],[],[],0,0,0,"['2021withjimain', 'jiminyouareperfect', 'jimindeservebetter', 'jiminweloveyou']",[],https://twitter.com/BTSKing30441779/status/1346026265468399618,False,,0,,,,,,,,"[{'screen_name': 'BTS_twt', 'name': 'ë°©íƒ„ì†Œë…„ë‹¨', 'id': '335141638'}]",,,,
1346026263639699457,1346026263639699457,2021-01-04 15:00:43 India Standard Time,2021-01-04,15:00:43,+0530,911425077287190528,springd7y,Jinistâ·á´®á´±,,Ä°ÅŸte senin iÃ§in bir albÃ¼mâ€¦ BE BTS  https://t.co/bQIsWsxD9q @BTS_twt Dinleyin,tr,"[{'screen_name': 'bts_twt', 'name': 'ë°©íƒ„ì†Œë…„ë‹¨', 'id': '335141638'}]",['https://open.spotify.com/album/2qehskW9lYGWfYb0xPZkrS?si=cy2b0psBRAipTsDXVYTgQA'],[],0,0,0,[],[],https://twitter.com/SPRINGD7Y/status/1346026263639699457,False,,0,,,,,,,,[],,,,
1346026262146387969,1346024473854545921,2021-01-04 15:00:43 India Standard Time,2021-01-04,15:00:43,+0530,1218889199052451840,muafuyu,noah.,,@vherdigris @BTS_Aang IH.,und,[],[],[],0,0,0,[],[],https://twitter.com/muafuyu/status/1346026262146387969,False,,0,,,,,,,,"[{'screen_name': 'vherdigris', 'name': 'Abby.', 'id': '1344652732657909762'}, {'screen_name': 'BTS_Aang', 'name': 'Aang', 'id': '1216228981747240961'}]",,,,
1346026261106151424,1346021312548933633,2021-01-04 15:00:43 India Standard Time,2021-01-04,15:00:43,+0530,1309690850344017921,itssayfx,saa â·,,@ARMYTEAMIID @BTS_twt THANKU ADMIN ğŸ’œ,in,[],[],[],0,0,0,[],[],https://twitter.com/itssayfx/status/1346026261106151424,False,,0,,,,,,,,"[{'screen_name': 'ARMYTEAMIID', 'name': 'BTS â€” ARMYTEAM (slow)', 'id': '1133734878334279683'}, {'screen_name': 'BTS_twt', 'name': 'ë°©íƒ„ì†Œë…„ë‹¨', 'id': '335141638'}]",,,,
1346026260158324739,1346026260158324739,2021-01-04 15:00:43 India Standard Time,2021-01-04,15:00:43,+0530,1294835828347121664,jeonkoooki,Ù‹jungkook thighs,,why do you need fake subs if there's bts ??,en,[],[],[],0,0,0,[],[],https://twitter.com/jeonkoooki/status/1346026260158324739,False,https://twitter.com/taetaction/status/1346025287427899393,0,,,,,,,,[],,,,
1346026258367393792,1346026258367393792,2021-01-04 15:00:42 India Standard Time,2021-01-04,15:00:42,+0530,771518616751607809,taechanel7,ã…‰â·ğŸ§šğŸ»â€â™€ï¸,,ive been more focused on cha eun woo then on bts i feel like iâ€™m cheating,en,[],[],[],0,0,0,[],[],https://twitter.com/taechanel7/status/1346026258367393792,False,,0,,,,,,,,[],,,,
1346026257603940352,1346025310114914305,2021-01-04 15:00:42 India Standard Time,2021-01-04,15:00:42,+0530,1336606880978780160,nao_bts143,NAO28,,@atsumin5353 @BTS_twt ãŠèª•ç”Ÿæ—¥ãŠã‚ã§ã¨ã†ã”ã–ã„ã¾ã™â˜ºï¸ğŸ’•,ja,[],[],[],0,0,0,[],[],https://twitter.com/nao_bts143/status/1346026257603940352,False,,0,,,,,,,,"[{'screen_name': 'atsumin5353', 'name': 'ã‚ã¤ã¿ã‚“*.ï¼ŠğŸ§¸â™¡', 'id': '1284383725036302337'}, {'screen_name': 'BTS_twt', 'name': 'ë°©íƒ„ì†Œë…„ë‹¨', 'id': '335141638'}]",,,,
1346026256261910528,1346026256261910528,2021-01-04 15:00:42 India Standard Time,2021-01-04,15:00:42,+0530,968898788093059073,koz__344,Ø®Ú˜ÙŠÙ…Ù‡ | Jisoo DayğŸˆ,,"Ù…Ù‚Ø§Ø¨Ù„Ø© ÙŠÙˆÙ†Ù‚ÙŠ Ø¨Ø§Ù„ÙˆÙŠÙÙŠØ±Ø³ Ù…ØªØ±Ø¬Ù…Ù‡ : ""Ø£Ù†Ø§ Ù…Ù…ØªÙ† Ù„Ø£Ù†Ù‡ Ù„Ø§ ØªØ²Ø§Ù„ Ù‡Ù†Ø§Ùƒ Ù…ÙˆØ³ÙŠÙ‚Ù‰ ÙŠÙ…ÙƒÙ†Ù†ÙŠ Ø§Ù„Ù‚ÙŠØ§Ù… Ø¨Ù‡Ø§."" Ù…Ù‚Ø§Ø¨Ù„Ø© Ø¹ÙˆØ¯Ø© BTS 'BE' ØºØ§Ù„Ø¨Ù‹Ø§ Ù…Ø§ ÙŠØªØ­Ø¯Ø« ÙŠÙˆÙ†Ù‚ÙŠ Ø¨Ø³Ø®ÙˆÙ†Ù‡ ÙˆÙˆØ¬Ù‡ ÙØ§Ø±Øº Ø¹Ù† Ø­ÙŠØ§Ø© Ø§Ù„Ù…Ø±Ø¡ ÙˆØ§Ù„Ù…ÙˆØ³ÙŠÙ‚Ù‰ .  https://t.co/9piEuNmccj",ar,[],[],['https://pbs.twimg.com/media/Eq4Ls9AXMAAdzob.jpg'],1,0,0,[],[],https://twitter.com/Koz__344/status/1346026256261910528,False,,1,https://pbs.twimg.com/media/Eq4Ls9AXMAAdzob.jpg,,,,,,,[],,,,
1346026255901048832,1345909020540821504,2021-01-04 15:00:42 India Standard Time,2021-01-04,15:00:42,+0530,1243729578712956928,ri_taehyung_,RIâœ¦Î¤Î‘Î•ğŸ¯â‚‰â‚…áµ›ğŸ’œâ˜ªâ™¡,,@jin_non_mama17 @BTS_twt ãƒãƒ³ã‚¿ãƒ³ã«ä¼šãˆã‚‹ã£ã¦æ±ºã¾ã£ãŸã‚‰ ä¸€ç·’ã«ãƒ©ã‚¤ã‚¶ãƒƒãƒ—è¡Œã“wwğŸ¤£ğŸ¤£ğŸ¤£  è‡ªåŠ›ã˜ã‚ƒç„¡ç†ãªæ°—ãŒã™ã‚‹ğŸ˜‚ğŸ˜‚,ja,[],[],[],0,0,0,[],[],https://twitter.com/ri_taehyung_/status/1346026255901048832,False,,0,,,,,,,,"[{'screen_name': 'jin_non_mama17', 'name': 'ã®ã‚“ã¾ã¾á´®á´± ğŸŒ™ âŸ­âŸ¬ Ë¢áµ‰áµ’áµÊ²â±â¿', 'id': '1040073468455219201'}, {'screen_name': 'BTS_twt', 'name': 'ë°©íƒ„ì†Œë…„ë‹¨', 'id': '335141638'}]",,,,
1346026254647009280,1346026254647009280,2021-01-04 15:00:41 India Standard Time,2021-01-04,15:00:41,+0530,1346018524481822720,ilyybts_,: #bts,,sleepy eating #taehyung ğŸŒ so cute :( HOW CAN SOMEONE BE SO ADORABLE WHILE THEY ARE SLEEPY I'LL BE DROOLING BRB ğŸ˜ª #BTS  https://t.co/ApkRgqvEbD,en,[],[],[],0,0,0,"['taehyung', 'bts']",[],https://twitter.com/ilyybts_/status/1346026254647009280,False,,1,https://pbs.twimg.com/ext_tw_video_thumb/1346026225072967686/pu/img/hig5_SzzQFGX6mW_.jpg,,,,,,,[],,,,
1346026254638542853,1346026254638542853,2021-01-04 15:00:41 India Standard Time,2021-01-04,15:00:41,+0530,1365979969,crempang,ğŸ£à¸‚à¸²à¸¢à¸‚à¸­à¸‡à¸ªà¸°à¸ªà¸¡à¸šà¸±à¸‡à¸—à¸±à¸™ğŸ­,,ğŸ‘‡ğŸ»ğŸ‘‡ğŸ»ğŸ‘‡ğŸ»à¸ªà¸´à¹‰à¸™à¸„à¹‰à¸²à¸—à¸¸à¸à¸•à¸±à¸§à¹ƒà¸•à¹‰à¹‚à¸à¸ªà¸™à¸µà¹‰à¸™à¸°à¸„à¸°ğŸ‘‡ğŸ»ğŸ‘‡ğŸ» #bts  #à¸•à¸¥à¸²à¸”à¸™à¸±à¸”à¸šà¸±à¸‡à¸—à¸±à¸™ #à¸•à¸¥à¸²à¸”à¸£à¸–à¹„à¸Ÿà¸šà¸±à¸‡à¸—à¸±à¸™ #à¸•à¸¥à¸²à¸”à¸™à¸±à¸”BT21 #à¸•à¸¥à¸²à¸”à¸™à¸±à¸”BTS #à¸‚à¸²à¸¢à¸‚à¸­à¸‡à¸ªà¸°à¸ªà¸¡à¸šà¸±à¸‡à¸—à¸±à¸™ #à¸›à¸¥à¹ˆà¸­à¸¢à¸‚à¸­à¸‡à¸ªà¸°à¸ªà¸¡à¸šà¸±à¸‡à¸—à¸±à¸™,th,[],[],[],0,0,0,"['bts', 'à¸•à¸¥à¸²à¸”à¸™à¸±à¸”à¸šà¸±à¸‡à¸—à¸±à¸™', 'à¸•à¸¥à¸²à¸”à¸£à¸–à¹„à¸Ÿà¸šà¸±à¸‡à¸—à¸±à¸™', 'à¸•à¸¥à¸²à¸”à¸™à¸±à¸”bt21', 'à¸•à¸¥à¸²à¸”à¸™à¸±à¸”bts', 'à¸‚à¸²à¸¢à¸‚à¸­à¸‡à¸ªà¸°à¸ªà¸¡à¸šà¸±à¸‡à¸—à¸±à¸™', 'à¸›à¸¥à¹ˆà¸­à¸¢à¸‚à¸­à¸‡à¸ªà¸°à¸ªà¸¡à¸šà¸±à¸‡à¸—à¸±à¸™']",[],https://twitter.com/CremPang/status/1346026254638542853,False,https://twitter.com/crempang/status/1340876286302900225,0,,,,,,,,[],,,,
1346026253631934464,1346026253631934464,2021-01-04 15:00:41 India Standard Time,2021-01-04,15:00:41,+0530,1257870507577233408,jmsblueside,jasmineâ·,,thinking abt the time we just found out John Cena rlly loved bts and biased hoseok sigh that was so fun,en,[],[],[],0,0,0,[],[],https://twitter.com/jmsblueside/status/1346026253631934464,False,,0,,,,,,,,[],,,,
1346026253246107649,1346026253246107649,2021-01-04 15:00:41 India Standard Time,2021-01-04,15:00:41,+0530,1070699851728461825,btsmicrush7,ì‹œë„ë¼ Army ğŸ’œá´¼á¶°Ë¡Ê¸ á´®áµƒá¶°áµáµ—áµƒá¶° â·,,Love yourself  @BTS_twt  https://t.co/VHBSFbSP9e,en,"[{'screen_name': 'bts_twt', 'name': 'ë°©íƒ„ì†Œë…„ë‹¨', 'id': '335141638'}]",[],['https://pbs.twimg.com/media/Eq4Lvm7UYAAIKdQ.jpg'],0,0,0,[],[],https://twitter.com/BTSmiCrush7/status/1346026253246107649,False,,1,https://pbs.twimg.com/media/Eq4Lvm7UYAAIKdQ.jpg,,,,,,,[],,,,
1346026251182624773,1346022120720052225,2021-01-04 15:00:40 India Standard Time,2021-01-04,15:00:40,+0530,1262454983724871687,buba_val,Ğ»ĞµÑ€Ğ¸ĞºĞ°,,@agentgirl_bts ğŸ¤²ğŸ»ğŸ¤ğŸ¤ğŸ¤,und,[],[],[],0,0,0,[],[],https://twitter.com/buba_val/status/1346026251182624773,False,,0,,,,,,,,"[{'screen_name': 'agentgirl_bts', 'name': 'ğŸ„ Ñ‡Ã¶Ğ½Ñ Ğ±ÑĞ¹Ğ±Ğ¸ĞºĞ»Ñƒ !!', 'id': '1156237302299074560'}]",,,,
1346026249945280512,1345929252361949184,2021-01-04 15:00:40 India Standard Time,2021-01-04,15:00:40,+0530,1128363061402845184,taegikookit,m,,@RivB14 @btsparabarmys @BTS_twt OBRIGADA,pt,[],[],[],0,0,0,[],[],https://twitter.com/taegikookit/status/1346026249945280512,False,,0,,,,,,,,"[{'screen_name': 'RivB14', 'name': 'Hope ì† â„ï¸', 'id': '1267290371513618433'}, {'screen_name': 'btsparabarmys', 'name': 'BTS para B-ARMYs', 'id': '1199065608769413121'}, {'screen_name': 'BTS_twt', 'name': 'ë°©íƒ„ì†Œë…„ë‹¨', 'id': '335141638'}]",,,,
1346026249735569409,1346025689527578629,2021-01-04 15:00:40 India Standard Time,2021-01-04,15:00:40,+0530,1291053324675043328,krpzz_,á´®áµ‰ğ™ºğšŠğš›ğš™ğšğš£ğš£â·á´®áµ—Ë¢ğŸ‰,,@Brokebutletitbi BTS XXX TENTACION EXO TXICE LAUV HARRY STYLES 60,en,[],[],[],0,0,0,[],[],https://twitter.com/krpzz_/status/1346026249735569409,False,,0,,,,,,,,"[{'screen_name': 'Brokebutletitbi', 'name': 'epiphany ğŸŒ™', 'id': '1306940129177743360'}]",,,,
1346026249639096320,1346026249639096320,2021-01-04 15:00:40 India Standard Time,2021-01-04,15:00:40,+0530,1339274269352742914,jinslovemase,@jinslovemaze,,i hope they get to meet bts soonâ˜ºï¸  https://t.co/Q284YDUrET,en,[],[],[],0,0,0,[],[],https://twitter.com/jinslovemase/status/1346026249639096320,False,,1,https://pbs.twimg.com/ext_tw_video_thumb/1346026200116973568/pu/img/09IhqKgypG_IIKP3.jpg,,,,,,,[],,,,
1346026249391521796,1346026249391521796,2021-01-04 15:00:40 India Standard Time,2021-01-04,15:00:40,+0530,1325319078668460032,armygirlpop,ë°©íƒ„ì†Œë…„ë‹¨ (ì‚¬ë í•´),,#Vh1Playlist please pls pls pls pls play boy with love by btsğŸ˜­ğŸ˜­,en,[],[],[],0,0,0,['vh1playlist'],[],https://twitter.com/ArmygirlPop/status/1346026249391521796,False,,0,,,,,,,,[],,,,
1346026246921076736,1346026246921076736,2021-01-04 15:00:39 India Standard Time,2021-01-04,15:00:39,+0530,1315606766114144256,jualanlabels,BighitLabels | Open DM,,blb! pb winpack bts bisa toko orennn,in,[],[],[],0,0,0,[],[],https://twitter.com/jualanlabels/status/1346026246921076736,False,,0,,,,,,,,[],,,,
1346026246048784385,1346026246048784385,2021-01-04 15:00:39 India Standard Time,2021-01-04,15:00:39,+0530,1151290222660980736,sademptytownnn,eden | 0.39$ stan,,blackpink 100%  no shade to bts itâ€™s just that the only btsâ€™ song iâ€™ve ever heard someone play is dynamite,en,[],[],[],0,0,0,[],[],https://twitter.com/sademptytownnn/status/1346026246048784385,False,https://twitter.com/harvzgoeson/status/1346002552433754112,0,,,,,,,,[],,,,
1346026244018589696,1346026244018589696,2021-01-04 15:00:39 India Standard Time,2021-01-04,15:00:39,+0530,821613103402143745,acedaviy,AceDaviyâ™ ,,retweet this to gain active bts mutuals + follow everyone who rts and likes this + make sure to follow back ğŸ‘ŒğŸ»,en,[],[],[],0,0,0,[],[],https://twitter.com/AceDaviy/status/1346026244018589696,False,,0,,,,,,,,[],,,,
1346026241959157761,1346024590812741633,2021-01-04 15:00:38 India Standard Time,2021-01-04,15:00:38,+0530,1257875695482462208,bam3101,ğŸªğŸ«NTNC.ğŸ¥ğŸ¡ à¸à¸­à¸§.à¸™à¸¸à¹‰à¸‡à¹à¸— á¯¤á¯¤ğŸ§™â€â™€ï¸:ï½¥ï¾Ÿ,,@prang_pasuta @BTS_twt à¸ˆà¸à¸¸à¸,th,[],[],[],0,0,0,[],[],https://twitter.com/bam3101/status/1346026241959157761,False,,0,,,,,,,,"[{'screen_name': 'prang_pasuta', 'name': 'ğ“›ğ“¸ğ“¿ğ“®ğ“³ğ“²ğ“·&ğ“¶ğ“²ğ“·ğ“¼ğ“¾ğ“°ğ“ª â·9-10à¸¡.à¸„.VğŸ‚project', 'id': '282559503'}, {'screen_name': 'BTS_twt', 'name': 'ë°©íƒ„ì†Œë…„ë‹¨', 'id': '335141638'}]",,,,
1346026240482807808,1346018693549969408,2021-01-04 15:00:38 India Standard Time,2021-01-04,15:00:38,+0530,1186536802275876864,shistaegii,AgustD Ù‹â·ğŸŠğŸ“,,@Gimme_Tae @AlbertoElIEy @lovekingtanboys @BlueGreypjm @yoonjhinminkoov @kth_snowfl0wer @Safeplace_BTS @hookahjeon As you should,en,[],[],[],0,0,0,[],[],https://twitter.com/Shistaegii/status/1346026240482807808,False,,0,,,,,,,,"[{'screen_name': 'Gimme_Tae', 'name': 'Inner Childá´®á´±â·âŸ­âŸ¬ğŸ“', 'id': '1298315860038135809'}, {'screen_name': 'AlbertoElIEy', 'name': 'Germanottaâ·', 'id': '1340255770005229568'}, {'screen_name': 'lovekingtanboys', 'name': 'á´®á´±AMIâ·', 'id': '1238521459309514752'}, {'screen_name': 'BlueGreypjm', 'name': 'Ashhâ· Semi IA', 'id': '1314422987395756034'}, {'screen_name': 'yoonjhinminkoov', 'name': 'Ê€Ê€Ê€á´€á´€á´€á´˜á´á´É´êœ±á´›á´€á´€Êœ â·', 'id': '1104033095945093120'}, {'screen_name': 'kth_snowfl0wer', 'name': 'Niluâ·', 'id': '1292722626398322688'}, {'screen_name': 'Safeplace_BTS', 'name': 'âŸ­âŸ¬Jungkookscheeksâ·âºâ¹âŸ¬âŸ­ğŸ“ğŸğŸ»Tae day', 'id': '1293156513586925568'}, {'screen_name': 'hookahjeon', 'name': 'Â¹Â¹â·Aamiâ· RESTğŸ¥ºÂ¹Â³', 'id': '1339806282463596544'}]",,,,
1346026238909902848,1346026238909902848,2021-01-04 15:00:37 India Standard Time,2021-01-04,15:00:37,+0530,926284409203855360,kooloev,Prod JKâ·,,imagine stan twitter if ever bts wins that grammy  https://t.co/Y5EKoMXeV5,en,[],[],['https://pbs.twimg.com/tweet_video_thumb/Eq4LuUqUcAAE5QS.jpg'],0,0,0,[],[],https://twitter.com/kooloev/status/1346026238909902848,False,,1,https://pbs.twimg.com/tweet_video_thumb/Eq4LuUqUcAAE5QS.jpg,,,,,,,[],,,,
1346026238884737025,1346025577979944966,2021-01-04 15:00:37 India Standard Time,2021-01-04,15:00:37,+0530,1290292022390136833,smeraldokikalee,á´®á´±Thx America. I mean it. ğŸ¤¢â·,,@bts_hit613 Under sony music I see,en,[],[],[],0,0,0,[],[],https://twitter.com/SmeraldoKiKalee/status/1346026238884737025,False,,0,,,,,,,,"[{'screen_name': 'bts_hit613', 'name': 'Smritiâ·ğŸ“', 'id': '888339350521614336'}]",,,,
1346026238213689344,1345863902911815680,2021-01-04 15:00:37 India Standard Time,2021-01-04,15:00:37,+0530,1240639440977932292,dhaanidiksha,á´®á´±7 Dee ğŸŒ»,,@lollyfish55 @BTS_twt May be RMâ€™s twitter friends. ğŸ™ˆğŸ˜‚,en,[],[],[],0,0,0,[],[],https://twitter.com/DhaaniDiksha/status/1346026238213689344,False,,0,,,,,,,,"[{'screen_name': 'lollyfish55', 'name': 'á´®á´±lollyfishâ·', 'id': '946911455135244288'}, {'screen_name': 'BTS_twt', 'name': 'ë°©íƒ„ì†Œë…„ë‹¨', 'id': '335141638'}]",,,,
1346026236280270849,1345936024866676737,2021-01-04 15:00:37 India Standard Time,2021-01-04,15:00:37,+0530,1290202009765924864,kerry13935788,KerryğŸ¥°,,@theTKunion @Lalunaho21 @BTS_twt Ok that's good but it's an invasion of his privacy am sure jk doesn't want us to know about it,en,[],[],[],0,0,0,[],[],https://twitter.com/Kerry13935788/status/1346026236280270849,False,,0,,,,,,,,"[{'screen_name': 'theTKunion', 'name': 'TaekookUnion', 'id': '1319583102830665728'}, {'screen_name': 'Lalunaho21', 'name': 'Lalunahoâ· ğŸ…±E taetae day ğŸ¯ğŸ»', 'id': '1266793984786960387'}, {'screen_name': 'BTS_twt', 'name': 'ë°©íƒ„ì†Œë…„ë‹¨', 'id': '335141638'}]",,,,
1346026235084697600,1343912893440348160,2021-01-04 15:00:37 India Standard Time,2021-01-04,15:00:37,+0530,1343473064470749186,vanteograph,Taehyung.,,"@doofudos pekerjaan saya adalah sebagai penyanyi grup idola, BTS, dan saya termasuk jajaran maknae line bareng jungkook dan jimin. tapi tetep aja paling keren cuma saya. ğŸ˜  saya juga multibahasa. bisa bahasa korea, bahasa jepang, bahasa inggris, bahasa indo, bahasa kalbu, bahasa jamet.  https://t.co/dzijDQ7R76",in,[],[],"['https://pbs.twimg.com/media/Eq4Lt-RVkAEjBQ4.jpg', 'https://pbs.twimg.com/media/Eq4LuKuVEAE3J3G.jpg']",0,0,0,[],[],https://twitter.com/VANTEOGRAPH/status/1346026235084697600,False,,1,https://pbs.twimg.com/media/Eq4Lt-RVkAEjBQ4.jpg,,,,,,,"[{'screen_name': 'doofudos', 'name': 'REVEAL CARETAKER TODAY!', 'id': '1337365435763736577'}]",,,,
1346026234837274624,1346026234837274624,2021-01-04 15:00:37 India Standard Time,2021-01-04,15:00:37,+0530,1287437617177309185,lyrecho,V âœ¨ğŸ’œ,,i miss you @BTS_twt,en,"[{'screen_name': 'bts_twt', 'name': 'ë°©íƒ„ì†Œë…„ë‹¨', 'id': '335141638'}]",[],[],0,0,0,[],[],https://twitter.com/LyrechO/status/1346026234837274624,False,,0,,,,,,,,[],,,,
1346026234178768896,1346025044149895170,2021-01-04 15:00:36 India Standard Time,2021-01-04,15:00:36,+0530,2930214324,reijimax1114,ãƒ¦ã‚¦ã‚­ã¯ç·Šæ€¥äº‹æ…‹äººé–“,,@riku_ranlove BTSã«ã‚Šãã‚Šãå±…ãŸã‚ˆ,ja,[],[],[],0,0,0,[],[],https://twitter.com/reijimax1114/status/1346026234178768896,False,,0,,,,,,,,"[{'screen_name': 'riku_ranlove', 'name': 'ã‚Šãã‚Šã@', 'id': '3106759604'}]",,,,
1346026233805504512,1346026233805504512,2021-01-04 15:00:36 India Standard Time,2021-01-04,15:00:36,+0530,1246679888519524353,rabitigerj,ã¾ã‚‹ğŸ°,,@BTS____SKJN ã„ã„ã­ã‚ã‚ŠãŒã¨ã†ã”ã–ã„ã¾ã™ã€œğŸ¥°â¤ï¸ ãƒ•ã‚©ãƒ­ãƒ¼ã—ã¾ã—ãŸï¼ã‚ˆã‹ã£ãŸã‚‰ä»²è‰¯ãã—ã¦ãã ã•ã„ã€œğŸ£ğŸŒˆ,ja,[],[],[],0,0,0,[],[],https://twitter.com/rabitigerj/status/1346026233805504512,False,,0,,,,,,,,[],,,,
1346026233759461376,1346004558175064065,2021-01-04 15:00:36 India Standard Time,2021-01-04,15:00:36,+0530,1318465601782861824,sunshinejoon7,á´®á´± ğ—•ğ—§ğ—¦â· âŸ­âŸ¬âŸ¬âŸ­twiceâ¹ğŸ­Tae day ğŸ§¸ğŸ“,,@Shistaegii @nathanpositonz @chartdata @BTS_twt Thatâ€™s an army help- they are trolling,en,[],[],[],0,0,0,[],[],https://twitter.com/sunshinejoon7/status/1346026233759461376,False,,0,,,,,,,,"[{'screen_name': 'Shistaegii', 'name': 'AgustD Ù‹â·ğŸŠğŸ“', 'id': '1186536802275876864'}, {'screen_name': 'nathanpositonz', 'name': 'nathanâ· â‰›', 'id': '1333808270817914880'}, {'screen_name': 'chartdata', 'name': 'chart data', 'id': '744260935527735296'}, {'screen_name': 'BTS_twt', 'name': 'ë°©íƒ„ì†Œë…„ë‹¨', 'id': '335141638'}]",,,,
1346026233742684168,1346011732649652224,2021-01-04 15:00:36 India Standard Time,2021-01-04,15:00:36,+0530,1079694324827332608,weownthenumber7,á´®á´±Eleno â· ğŸ“,,"@Shadow_knj Don't forget the very controversial ""BTS PAVED THE WAY"" ğŸ¤­",en,[],[],[],0,0,0,[],[],https://twitter.com/weownthenumber7/status/1346026233742684168,False,,0,,,,,,,,"[{'screen_name': 'Shadow_knj', 'name': 'á´®á´± Shayâ·âœ¨âŸ­âŸ¬ #PersonaTo100M', 'id': '1055541292481024000'}]",,,,
1346026231897214976,1345899939130265600,2021-01-04 15:00:36 India Standard Time,2021-01-04,15:00:36,+0530,36230236,helenbeepugh,Beesus,,@BTS_History613 Does going back to work count? ğŸ˜…,en,[],[],[],0,0,0,[],[],https://twitter.com/HelenBeePugh/status/1346026231897214976,False,,0,,,,,,,,"[{'screen_name': 'BTS_History613', 'name': 'á´®á´±BTS Historyâ‚‡', 'id': '1228903054872702978'}]",,,,
1346026231838486528,1345996290384134147,2021-01-04 15:00:36 India Standard Time,2021-01-04,15:00:36,+0530,1252178574657773568,magentaswanlake,á´®á´±Mitaâ·ğŸ«ğ„,,@hedie_ans @BTS_twt Ø­Ø±ÙˆÙ Ø¨Ø²Ø±Ú¯ * ğŸ˜‚,fa,[],[],[],1,0,0,[],[],https://twitter.com/Magentaswanlake/status/1346026231838486528,False,,0,,,,,,,,"[{'screen_name': 'hedie_ans', 'name': 'â€¢ğ—›ğ—®ğ—»ğ˜€', 'id': '1014598115708588035'}, {'screen_name': 'BTS_twt', 'name': 'ë°©íƒ„ì†Œë…„ë‹¨', 'id': '335141638'}]",,,,
1346026231444033537,1346026231444033537,2021-01-04 15:00:36 India Standard Time,2021-01-04,15:00:36,+0530,1240510156745494528,jajanbighit,ON | OOT = BLOCK,,/amj BTS SG 2020 (-) kalender . 0 f f 3 r aja mau ngurangin koleksi bisa ğŸŠ @urfckinqueen  https://t.co/ax0bJD8V2l,in,"[{'screen_name': 'urfckinqueen', 'name': 'â€¢', 'id': '1216973057799049218'}]",[],['https://pbs.twimg.com/media/Eq4LuNIUcAEZkRI.jpg'],0,0,0,[],[],https://twitter.com/jajanbighit/status/1346026231444033537,False,,1,https://pbs.twimg.com/media/Eq4LuNIUcAEZkRI.jpg,,,,,,,[],,,,
1346026230362103808,1346026230362103808,2021-01-04 15:00:35 India Standard Time,2021-01-04,15:00:35,+0530,78008102,qoo10_shopping,Qoo10,,@yuu_bts__ #Qoo10ãŠå¹´ç‰ ã«ã”å¿œå‹Ÿã‚ã‚ŠãŒã¨ã†ã”ã–ã„ã¾ã™! æœ€å¾Œã¾ã§ã“ã®ãƒªãƒ—ãƒ©ã‚¤ã«æ·»ä»˜ã•ã‚Œã¦ã„ã‚‹å‹•ç”»ã‚’ã”ç¢ºèªãã ã•ã„! å½“é¸è€…ã•ã‚ŒãŸå ´åˆã¯Qoo10å…¬å¼ã‚¢ã‚«ã‚¦ãƒ³ãƒˆã‚ˆã‚ŠãŠå®¢æ§˜ã«DMãŒå±Šãã¾ã™ã®ã§ã€DMå†…å®¹ã‚’ã”ç¢ºèªã®ã†ãˆã”è¿”ä¿¡ãŠé¡˜ã„è‡´ã—ã¾ã™â™ª  https://t.co/3gyFZexZz2,ja,[],[],['https://pbs.twimg.com/tweet_video_thumb/Eq3WedAW8AECrB-.jpg'],0,0,0,['qoo10ãŠå¹´ç‰'],[],https://twitter.com/Qoo10_Shopping/status/1346026230362103808,False,,1,https://pbs.twimg.com/tweet_video_thumb/Eq3WedAW8AECrB-.jpg,,,,,,,[],,,,
1346026226054541312,1342389005925543937,2021-01-04 15:00:34 India Standard Time,2021-01-04,15:00:34,+0530,1285588233938784257,benetrisg,benetris,,@BTS_twt Bu gÃ¼nlerde sadece kafam biraz karÄ±ÅŸÄ±k ondan bÃ¶yle bence. Sence namu? HatÄ±rlamayÄ±m diye telefonla uÄŸraÅŸÄ±yorum ama yine de geliyor aklÄ±ma,tr,[],[],[],0,0,0,[],[],https://twitter.com/benetrisg/status/1346026226054541312,False,,0,,,,,,,,"[{'screen_name': 'BTS_twt', 'name': 'ë°©íƒ„ì†Œë…„ë‹¨', 'id': '335141638'}]",,,,
1346026225957961728,1345937666982907907,2021-01-04 15:00:34 India Standard Time,2021-01-04,15:00:34,+0530,911774942215028736,purplebuttaefly,BTS IS â·:,,@jeonbubbles @BTS_History613 @banditgiveaways @FastFreeCrypto @BTS_twt Done ğŸ˜Š,en,[],[],[],0,0,0,[],[],https://twitter.com/PurpleButTAEfly/status/1346026225957961728,False,,0,,,,,,,,"[{'screen_name': 'jeonbubbles', 'name': 'kassâ· ğŸ’', 'id': '818413704236515328'}, {'screen_name': 'BTS_History613', 'name': 'á´®á´±BTS Historyâ‚‡', 'id': '1228903054872702978'}, {'screen_name': 'banditgiveaways', 'name': 'BANDITğŸ’°GIVEAWAYS', 'id': '1319980244615520257'}, {'screen_name': 'FastFreeCrypto', 'name': 'ğŸ‡¬ğŸ‡§MSM | Social Media Promoter â­ï¸â­ï¸â­ï¸â­ï¸â­ï¸', 'id': '1340765817747738624'}, {'screen_name': 'BTS_twt', 'name': 'ë°©íƒ„ì†Œë…„ë‹¨', 'id': '335141638'}]",,,,
1346026223391141888,1345995501720776707,2021-01-04 15:00:34 India Standard Time,2021-01-04,15:00:34,+0530,1039021193842577410,petigatae,Ø˜ manu.ela â˜¾ï¸,,@galaxychild_BTS Kkkkkkkkkkkkkk  https://t.co/fQKBfmhy9i,und,[],[],['https://pbs.twimg.com/media/Eq4Lt1CXUAA4IQx.jpg'],0,0,0,[],[],https://twitter.com/petigatae/status/1346026223391141888,False,,1,https://pbs.twimg.com/media/Eq4Lt1CXUAA4IQx.jpg,,,,,,,"[{'screen_name': 'galaxychild_BTS', 'name': 'mikrokosmosâ·;ğŸ’«', 'id': '883128155321643012'}]",,,,
1346026223265173505,1345943054683783175,2021-01-04 15:00:34 India Standard Time,2021-01-04,15:00:34,+0530,938049351217168385,1versehope_,ë³‘sansanâ·,,@plutouterspace @BTS_twt Gimana rasanya punya team yang having each others back? @BTS_twt,in,"[{'screen_name': 'bts_twt', 'name': 'ë°©íƒ„ì†Œë…„ë‹¨', 'id': '335141638'}]",[],[],0,0,0,[],[],https://twitter.com/1VERSEHOPE_/status/1346026223265173505,False,,0,,,,,,,,"[{'screen_name': 'plutouterspace', 'name': 'á´®á´± nesâ·', 'id': '1171294241642799104'}, {'screen_name': 'BTS_twt', 'name': 'ë°©íƒ„ì†Œë…„ë‹¨', 'id': '335141638'}]",,,,
1346026223256948736,1345988065714606080,2021-01-04 15:00:34 India Standard Time,2021-01-04,15:00:34,+0530,1013352616296898561,jiminhappiness_,á´®á´± Elenaâ· ğŸ§¡ ğŸ¦¥,,@jiminiekookkkk @btsvotingunite @btsvotingorg @BTS_twt Seoul Music Awards  https://t.co/J9xNDWkatz,en,[],[],['https://pbs.twimg.com/media/Eq4Lt3PXIAAn2ZM.jpg'],0,0,0,[],[],https://twitter.com/jiminhappiness_/status/1346026223256948736,False,,1,https://pbs.twimg.com/media/Eq4Lt3PXIAAn2ZM.jpg,,,,,,,"[{'screen_name': 'jiminiekookkkk', 'name': 'UN', 'id': '1296308105773383681'}, {'screen_name': 'btsvotingunite', 'name': 'á´®á´±BTS Voting Unite', 'id': '1278143020718632961'}, {'screen_name': 'btsvotingorg', 'name': 'BTS Vote', 'id': '1276074249099173888'}, {'screen_name': 'BTS_twt', 'name': 'ë°©íƒ„ì†Œë…„ë‹¨', 'id': '335141638'}]",,,,
1346026222183088128,1346026222183088128,2021-01-04 15:00:33 India Standard Time,2021-01-04,15:00:33,+0530,1365979969,crempang,ğŸ£à¸‚à¸²à¸¢à¸‚à¸­à¸‡à¸ªà¸°à¸ªà¸¡à¸šà¸±à¸‡à¸—à¸±à¸™ğŸ­,,ğŸ‘‡ğŸ»ğŸ‘‡ğŸ»ğŸ‘‡ğŸ»à¸ªà¸´à¹‰à¸™à¸„à¹‰à¸²à¸—à¸¸à¸à¸•à¸±à¸§à¹ƒà¸•à¹‰à¹‚à¸à¸ªà¸™à¸µà¹‰à¸™à¸°à¸„à¸°ğŸ‘‡ğŸ»ğŸ‘‡ğŸ» #bts  #à¸•à¸¥à¸²à¸”à¸™à¸±à¸”à¸šà¸±à¸‡à¸—à¸±à¸™ #à¸•à¸¥à¸²à¸”à¸£à¸–à¹„à¸Ÿà¸šà¸±à¸‡à¸—à¸±à¸™ #à¸•à¸¥à¸²à¸”à¸™à¸±à¸”BT21 #à¸•à¸¥à¸²à¸”à¸™à¸±à¸”BTS #à¸‚à¸²à¸¢à¸‚à¸­à¸‡à¸ªà¸°à¸ªà¸¡à¸šà¸±à¸‡à¸—à¸±à¸™ #à¸›à¸¥à¹ˆà¸­à¸¢à¸‚à¸­à¸‡à¸ªà¸°à¸ªà¸¡à¸šà¸±à¸‡à¸—à¸±à¸™,th,[],[],[],0,0,0,"['bts', 'à¸•à¸¥à¸²à¸”à¸™à¸±à¸”à¸šà¸±à¸‡à¸—à¸±à¸™', 'à¸•à¸¥à¸²à¸”à¸£à¸–à¹„à¸Ÿà¸šà¸±à¸‡à¸—à¸±à¸™', 'à¸•à¸¥à¸²à¸”à¸™à¸±à¸”bt21', 'à¸•à¸¥à¸²à¸”à¸™à¸±à¸”bts', 'à¸‚à¸²à¸¢à¸‚à¸­à¸‡à¸ªà¸°à¸ªà¸¡à¸šà¸±à¸‡à¸—à¸±à¸™', 'à¸›à¸¥à¹ˆà¸­à¸¢à¸‚à¸­à¸‡à¸ªà¸°à¸ªà¸¡à¸šà¸±à¸‡à¸—à¸±à¸™']",[],https://twitter.com/CremPang/status/1346026222183088128,False,https://twitter.com/crempang/status/1340880252428423169,0,,,,,,,,[],,,,
1346026220933111809,1346022034845835264,2021-01-04 15:00:33 India Standard Time,2021-01-04,15:00:33,+0530,1105770779264741376,only_jiminah,ë‚œë„ˆë§Œë³´ì—¬â„ì†Œë³µì†Œë³µâ„ì§€ë¯¼ì•„Â¹Â³,,@BluerJimin @BTS_twt ì–´ì©Œê² ì–´ìš”.. ìš¸ì¹˜ë¯¸ë„ ì•„ë¶€ì§€ë‘ ì¡´ë˜‘ ê·¸ê±°ìŠ¨ ì›”í´ìŠˆìŠ¤ì˜ ìš´ëª…ğŸ˜,ko,[],[],[],0,0,0,[],[],https://twitter.com/Only_Jiminah/status/1346026220933111809,False,,0,,,,,,,,"[{'screen_name': 'BluerJimin', 'name': 'BLUERğŸ„ğŸ¶', 'id': '1122711219167567874'}, {'screen_name': 'BTS_twt', 'name': 'ë°©íƒ„ì†Œë…„ë‹¨', 'id': '335141638'}]",,,,
1346026219809222657,1346026219809222657,2021-01-04 15:00:33 India Standard Time,2021-01-04,15:00:33,+0530,1344578756762087425,jiminsh15885646,Yeji,,como os arde a las armadas saber que bts disband bts flop :)) #jiminputita  #jiminputita  #jiminputita  #jiminputita,en,[],[],[],0,0,0,"['jiminputita', 'jiminputita', 'jiminputita', 'jiminputita']",[],https://twitter.com/Jiminsh15885646/status/1346026219809222657,False,,0,,,,,,,,[],,,,
1346026217766457344,1345999316427554816,2021-01-04 15:00:32 India Standard Time,2021-01-04,15:00:32,+0530,1154608580886061056,love_maze_xxx,ğ•Ÿ . ğ•¥ . ğŸŒ™*ï¾Ÿ,,@YKN_BTS_JM95 è¦‹è¦šãˆãªã„ã‹ã‚‰æ€–ã„ã®ã‚ˆ~(ï¼›ï¼¿ï¼›)  ãªã‚“ã‹ã‚«ãƒ—ãƒ›ã¨ã‹ã®ä»£è¡Œã‚µã‚¤ãƒˆã•ã‚“ã¿ãŸã„ã ã‚ˆã­ï¼Ÿ ãƒ†ãƒ†ã®ã ã—ã€æ•°ãŒ500ã¨ã‹ã ã‹ã‚‰ã€ãˆã£ï¼Ÿã£ã¦ãªã£ã¦ã•ğŸ˜”ğŸ˜”  ãã†ãªã®... åå‰ã‚‚åˆã£ã¦ã‚‹ã—ä½æ‰€ã‚‚åˆã£ã¦ã‚‹ã‹ã‚‰é–“é•ã„ã¯ãªã„ã®ã ã‘ã‚Œã©ã‚‚(&gt;_&lt;),ja,[],[],[],0,0,0,[],[],https://twitter.com/love_maze_xxx/status/1346026217766457344,False,,0,,,,,,,,"[{'screen_name': 'YKN_BTS_JM95', 'name': 'ìœ â·â˜ºï¸', 'id': '1003217732555268096'}]",,,,
1346026214998339586,1343963161997705216,2021-01-04 15:00:32 India Standard Time,2021-01-04,15:00:32,+0530,1345566702235488256,btsking30441779,BTS Kings,,@BTS_twt ğŸ’œğŸ’œğŸ’˜ğŸ’œğŸ’˜ğŸ’œğŸ’˜ğŸ’œğŸ’˜ğŸ’œğŸ’˜ğŸ’œğŸ’œğŸ’˜ğŸ’œğŸ’˜ğŸ’œğŸ’œğŸ’˜ğŸ’œğŸ’˜ğŸ’œğŸ’˜ğŸ’œğŸ’˜ğŸ’œğŸ’˜ğŸ’œğŸ’˜ğŸ’œğŸ’˜ğŸ’œğŸ’˜ğŸ’œğŸ’˜ğŸ’˜ğŸ’˜ğŸ’˜ğŸ’œğŸ’œğŸ’œğŸ’œğŸ’œğŸ’œğŸ’œğŸ’œğŸ’œğŸ’˜ğŸ’˜ğŸ’˜ğŸ’˜ğŸ’˜ğŸ’˜ğŸ’˜ğŸ’˜ğŸ’˜ğŸ’ªğŸ’˜ğŸ’ªğŸ’˜ğŸ’ªğŸ’˜ğŸ’ªğŸ’œğŸ’ªğŸ’œğŸ’œğŸ’ªğŸ’œğŸ’ªğŸ’œğŸ’ªğŸ’œğŸ’œğŸ’ªğŸ’œğŸ’ªğŸ’œğŸ’ªğŸ’œğŸ’˜ğŸ’ªğŸ’˜ğŸ’˜ğŸ’ªğŸ’˜ğŸ’ªğŸ’˜ğŸ’ªğŸ’˜ğŸ’ªğŸ’˜ğŸ’˜ğŸ’ªğŸ’˜ğŸ’ªğŸ’˜ğŸ’ªğŸ’ªğŸ’œğŸ’ªğŸ’œğŸ’ªğŸ’œğŸ’ªğŸ’œğŸ’˜ğŸ’ªğŸ’˜,und,[],[],[],0,0,0,[],[],https://twitter.com/BTSKing30441779/status/1346026214998339586,False,,0,,,,,,,,"[{'screen_name': 'BTS_twt', 'name': 'ë°©íƒ„ì†Œë…„ë‹¨', 'id': '335141638'}]",,,,
1346026211856633856,1346026211856633856,2021-01-04 15:00:31 India Standard Time,2021-01-04,15:00:31,+0530,1191395696131244032,aki__matsushita,ã‚ã ã¾ã¤ã—ãŸğŸ,,ã³ã£ãã‚Šã™ã‚‹ãã‚‰ã„BTSã«ãƒãƒã£ã¦ã‚‹,ja,[],[],[],0,0,0,[],[],https://twitter.com/Aki__matsushita/status/1346026211856633856,False,,0,,,,,,,,[],,,,
1346026211357716482,1346026211357716482,2021-01-04 15:00:31 India Standard Time,2021-01-04,15:00:31,+0530,1297625914541580288,elvbeg,Elv,,Anti:BTS'in elle tutulur bir baÅŸarÄ±sÄ± yok.  Army: bi sn  https://t.co/cDhh2imAbn,tr,[],[],['https://pbs.twimg.com/media/Eq4LtFtXAAEaeFn.jpg'],0,0,0,[],[],https://twitter.com/Elvbeg/status/1346026211357716482,False,,1,https://pbs.twimg.com/media/Eq4LtFtXAAEaeFn.jpg,,,,,,,[],,,,
1346026210455859201,1345420161130622976,2021-01-04 15:00:31 India Standard Time,2021-01-04,15:00:31,+0530,1326872605014585352,vilnop,Ø³ÙˆÙ„Ùˆ Ø±ÙˆØ²ÙŠ Ù‚Ø±Ø¨,,@Vsuyonas @JKmonange @BTS_twt  Ù…Ù†Ùƒ Ø§Ù„Ù…Ø§Ù„ ÙˆÙ…Ù†Ù‡Ø§ Ø§Ù„Ø¹ÙŠØ§Ù„,ar,"[{'screen_name': 'bts_twt', 'name': 'ë°©íƒ„ì†Œë…„ë‹¨', 'id': '335141638'}]",[],[],0,0,0,[],[],https://twitter.com/vilnop/status/1346026210455859201,False,,0,,,,,,,,"[{'screen_name': 'Vsuyonas', 'name': 'Ø³ÙÚªÙØ±Ù‡', 'id': '1203997997715079168'}]",,,,
1346026207196934144,1346026207196934144,2021-01-04 15:00:30 India Standard Time,2021-01-04,15:00:30,+0530,1255902313434226688,bangtanxagustd_,L ;,,"Por quÃ© digo esto, hay personas que creen que por tener 2k seguidores, Nunca fui una cuenta grande, Oh que me gano la fama por ser la "" Quita tu like"" o elimina tu tweets y repetirlo unas 100 veces...  Bueno platicarÃ© de que nunca fue asÃ­ y que tengo 5 aÃ±os apoyando a bts.",es,[],[],[],0,0,0,[],[],https://twitter.com/bangtanxagustd_/status/1346026207196934144,False,,0,,,,,,,,[],,,,
1346026207024873473,1345364955814453248,2021-01-04 15:00:30 India Standard Time,2021-01-04,15:00:30,+0530,1340856284246016003,fqlnzzm80dvcbuc,ì œì‹œì¹´,,"@BTS_twt_KOOK I Miss you too, hope we can meet at the concert  https://t.co/U4xAh1qcCc",en,[],[],['https://pbs.twimg.com/media/Eq4LscmVgAEY_pG.jpg'],0,0,0,[],[],https://twitter.com/fQLNzZm80dvCbuc/status/1346026207024873473,False,,1,https://pbs.twimg.com/media/Eq4LscmVgAEY_pG.jpg,,,,,,,"[{'screen_name': 'BTS_twt_KOOK', 'name': 'ì „ì •êµ­', 'id': '1181974952204881920'}]",,,,
